sprint_id,PV,EV,AC,cum_PV,cum_EV,cum_AC,CV,SV,CPI,SPI,status,CPI_lag1,SPI_lag1
1,0.09,0.088,0.09,0.09,0.088,0.09,-0.0020000000000000018,-0.0020000000000000018,0.9777777777777777,0.9777777777777777,"over budget, behind schedule",0.9777777777777777,0.9777777777777777
2,0.095,0.097,0.094,0.185,0.185,0.184,0.0010000000000000009,0.0,1.0054347826086956,1.0,"under budget, ahead/on schedule",0.9777777777777777,0.9777777777777777
3,0.1,0.102,0.1,0.28500000000000003,0.287,0.28400000000000003,0.002999999999999947,0.0019999999999999463,1.01056338028169,1.007017543859649,"under budget, ahead/on schedule",1.0054347826086956,1.0
4,0.1,0.098,0.102,0.385,0.385,0.386,-0.0010000000000000009,0.0,0.9974093264248705,1.0,"over budget, ahead/on schedule",1.01056338028169,1.007017543859649
5,0.105,0.09,0.108,0.49,0.475,0.494,-0.019000000000000017,-0.015000000000000013,0.9615384615384615,0.9693877551020408,"over budget, behind schedule",0.9974093264248705,1.0
6,0.105,0.088,0.11,0.595,0.563,0.604,-0.041000000000000036,-0.03200000000000003,0.9321192052980132,0.946218487394958,"over budget, behind schedule",0.9615384615384615,0.9693877551020408
7,0.11,0.095,0.112,0.705,0.6579999999999999,0.716,-0.05800000000000005,-0.04700000000000004,0.9189944134078212,0.9333333333333332,"over budget, behind schedule",0.9321192052980132,0.946218487394958
8,0.1,0.092,0.105,0.8049999999999999,0.7499999999999999,0.821,-0.07100000000000006,-0.05500000000000005,0.9135200974421437,0.9316770186335404,"over budget, behind schedule",0.9189944134078212,0.9333333333333332
9,0.1,0.102,0.1,0.9049999999999999,0.8519999999999999,0.9209999999999999,-0.06900000000000006,-0.05300000000000005,0.9250814332247557,0.9414364640883978,"over budget, behind schedule",0.9135200974421437,0.9316770186335404
10,0.105,0.108,0.102,1.01,0.9599999999999999,1.023,-0.06300000000000006,-0.050000000000000155,0.93841642228739,0.9504950495049503,"over budget, behind schedule",0.9250814332247557,0.9414364640883978
11,0.1,0.104,0.098,1.11,1.0639999999999998,1.121,-0.05700000000000016,-0.04600000000000026,0.9491525423728812,0.9585585585585583,"over budget, behind schedule",0.93841642228739,0.9504950495049503
12,0.095,0.098,0.096,1.205,1.162,1.217,-0.05500000000000016,-0.04300000000000015,0.9548069022185701,0.9643153526970953,"over budget, behind schedule",0.9491525423728812,0.9585585585585583
13,0.095,0.092,0.098,1.3,1.254,1.3150000000000002,-0.061000000000000165,-0.04600000000000004,0.9536121673003801,0.9646153846153845,"over budget, behind schedule",0.9548069022185701,0.9643153526970953
14,0.1,0.096,0.102,1.4000000000000001,1.35,1.4170000000000003,-0.06700000000000017,-0.050000000000000044,0.9527170077628793,0.9642857142857143,"over budget, behind schedule",0.9536121673003801,0.9646153846153845
15,0.105,0.1,0.106,1.5050000000000001,1.4500000000000002,1.5230000000000004,-0.07300000000000018,-0.05499999999999994,0.9520682862770846,0.9634551495016612,"over budget, behind schedule",0.9527170077628793,0.9642857142857143
